sample_id,batch,idx_in_batch,data_label,label,vdt_label,vdt_score,split,domain,current_caption,true_image_context,current_caption_zh,true_image_context_zh,gold_mismatch_type,gold_mismatch_type_zh,gold_conflict_fields,annotation_status,annotation_status_zh,annotator,rationale,rationale_zh,rationale_warning,image_id,text_id,image_path,image_topic,negative_source,image_source,model_reference_mismatch_type_zh,model_reference_conflict_fields_zh,newsclippings_file,source_xlsx,source_sheet_batch,notes
1561273,batch1,1,真实OOC,1,OOC,0.9,train,usa_today,Zhuang Zedong was reunited with Glenn Cowan on a visit to the US in 1972,Ali is escorted from the Armed Forces Examining and Entrance Station in Houston in 1967,庄则栋在1972年访问美国期间与格伦·考恩重聚。,1967年，阿里在休斯敦被护送离开武装部队体检与入伍站。,different-event mismatch,完全不同事件,"[""entity"", ""location"", ""time"", ""event_type"", ""relation""]",done,已完成,朱俊好,,,missing_rationale,404272,1561273,./usa_today/images/0706/565.jpg,law_crime,train,usa_today,时间错配,主体/人物，时间,D:\MY_PROJECT\OOC\datasets\NewsCLIPpings_repo\news_clippings\data\semantics_clip_text_image\train.json,outputs\ooc50_annotation_20260626\真实OOC人工标注50条_中文.xlsx,batch1,
248644,batch1,2,真实OOC,1,OOC,0.9,train,washington_post,Czech policemen uses a dog to check waste bins at Vaclav Havel Airport in Prague Czech Republic on March 22 2016,A Washington Animal Rescue League worker stops to pet a dog that was rescued from the streets of Sochi Russia,2016年3月22日，捷克共和国布拉格瓦茨拉夫·哈维尔机场，捷克警察用警犬检查垃圾桶。,华盛顿动物救援联盟的一名工作人员停下来抚摸一只从俄罗斯索契街头救出的狗。,different-event mismatch,完全不同事件,"[""entity"", ""location"", ""event_type"", ""relation""]",done,已完成,朱俊好,,,missing_rationale,44896,248644,./washington_post/images/0498/217.jpg,science_technology,train,washington_post,完全不同事件,主体/人物，地点，事件类型,D:\MY_PROJECT\OOC\datasets\NewsCLIPpings_repo\news_clippings\data\semantics_clip_text_text\train.json,outputs\ooc50_annotation_20260626\真实OOC人工标注50条_中文.xlsx,batch1,
1575034,batch1,3,真实OOC,1,OOC,0.9,train,guardian,Musudan missiles were displayed during a military parade in Pyongyang last year,North Korean leader Kim Jongun at a sports day in the Songdowon international children s camp in early May,去年，舞水端导弹在平壤的一场阅兵式上展出。,5月初，朝鲜领导人金正恩在松涛园国际少年儿童营参加体育日活动。,different-event mismatch,完全不同事件,"[""entity"", ""location"", ""time"", ""event_type"", ""relation""]",done,已完成,朱俊好,,,missing_rationale,807345,1575034,./guardian/images/0410/571.jpg,world,train,guardian,完全不同事件,时间，事件类型,D:\MY_PROJECT\OOC\datasets\NewsCLIPpings_repo\news_clippings\data\semantics_clip_text_text\train.json,outputs\ooc50_annotation_20260626\真实OOC人工标注50条_中文.xlsx,batch1,
515760,batch1,4,真实OOC,1,OOC,0.9,train,usa_today,Donald Trump speaks during a campaign rally in Tucson Arizona,Ted Cruz speaks during the CNN Republican presidential debate on Dec 15 2015 in Las Vegas,唐纳德·特朗普在亚利桑那州图森的一场竞选集会上讲话。,2015年12月15日，泰德·克鲁兹在拉斯维加斯参加CNN共和党总统候选人辩论。,different-event mismatch,完全不同事件,"[""entity"", ""location""]",done,已完成,朱俊好,,,missing_rationale,399769,515760,./usa_today/images/0590/326.jpg,international_relations,train,usa_today,地点错配,主体/人物，地点,D:\MY_PROJECT\OOC\datasets\NewsCLIPpings_repo\news_clippings\data\semantics_clip_text_text\train.json,outputs\ooc50_annotation_20260626\真实OOC人工标注50条_中文.xlsx,batch1,
206297,batch1,5,真实OOC,1,OOC,0.9,train,washington_post,Bryce Harper waves to the crowd as he leaves the field with his father Ron after finishing second in the Home Run Derby,Former Washington National Adam LoRoche hugs his son Drake after throwing out the ceremonial first pitch before Game 2 of the NLDS at Nationals Park,布莱斯·哈珀在全垒打大赛获得第二名后，和父亲罗恩一起离场时向观众挥手。,前华盛顿国民队球员亚当·拉罗什在国民公园NLDS第二场比赛前，与完成开球仪式的儿子德雷克拥抱。,different-event mismatch,完全不同事件,"[""entity"", ""location"", ""time""]",done,已完成,朱俊好,,,missing_rationale,124481,206297,./washington_post/images/0520/213.jpg,arts_culture,train,washington_post,主体/人物错配,主体/人物,D:\MY_PROJECT\OOC\datasets\NewsCLIPpings_repo\news_clippings\data\semantics_clip_text_text\train.json,outputs\ooc50_annotation_20260626\真实OOC人工标注50条_中文.xlsx,batch1,
312729,batch1,6,真实OOC,1,OOC,0.9,train,usa_today,Voters wait in line at Pilgrim Evangelical Lutheran Church in Mesa on Tuesday,Donald Trump supporters wait in a long line outside the Phoenix Convention Center on Aug 31 2016,星期二，选民在梅萨的朝圣者福音路德教堂排队等候。,2016年8月31日，唐纳德·特朗普的支持者在凤凰城会议中心外排成长队。,location mismatch,地点错配,"[""location"", ""time""]",done,已完成,朱俊好,,,missing_rationale,399348,312729,./usa_today/images/0639/183.jpg,international_relations,train,usa_today,时间错配,主体/人物，时间,D:\MY_PROJECT\OOC\datasets\NewsCLIPpings_repo\news_clippings\data\semantics_clip_text_image\train.json,outputs\ooc50_annotation_20260626\真实OOC人工标注50条_中文.xlsx,batch1,
710304,batch1,7,真实OOC,1,OOC,0.9,train,bbc,Pope Francis leads a mass for the canonisation of Antonio Primaldo and companions and two Latin American nuns in St Peter s Square,Cardinal Keith OBrien was President of the Conference of Scottish Bishops,教皇方济各在圣彼得广场主持安东尼奥·普里马尔多及其同伴和两位拉丁美洲修女的封圣弥撒。,基思·奥布莱恩枢机曾任苏格兰主教会议主席。,different-event mismatch,完全不同事件,"[""entity"", ""event_type""]",done,已完成,朱俊好,,,missing_rationale,1533233,710304,./bbc/images/0142/376.jpg,arts_culture,train,bbc,无明显语义冲突/泛化配图,,D:\MY_PROJECT\OOC\datasets\NewsCLIPpings_repo\news_clippings\data\semantics_clip_text_image\train.json,outputs\ooc50_annotation_20260626\真实OOC人工标注50条_中文.xlsx,batch1,
311746,batch1,8,真实OOC,1,OOC,0.9,train,usa_today,Browns running back Terrance West rushes against the Jaguars in the first quarter at EverBank Field,Tampa Bay Buccaneers running back Bobby Rainey runs with the ball during the second quarter against the Miami Dolphins at Raymond James Stadium,布朗队跑卫特伦斯·韦斯特在埃弗班克球场第一节对阵美洲虎队时带球冲跑。,坦帕湾海盗队跑卫鲍比·雷尼在雷蒙德·詹姆斯体育场第二节对阵迈阿密海豚队时带球推进。,different-event mismatch,完全不同事件,"[""entity"", ""location"", ""time""]",done,已完成,朱俊好,,,missing_rationale,429063,311746,./usa_today/images/0717/603.jpg,arts_culture,train,usa_today,时间错配,时间,D:\MY_PROJECT\OOC\datasets\NewsCLIPpings_repo\news_clippings\data\semantics_clip_text_image\train.json,outputs\ooc50_annotation_20260626\真实OOC人工标注50条_中文.xlsx,batch1,
751170,batch1,9,真实OOC,1,OOC,0.9,train,guardian,Ian Carmichael in the 1957 film of the Kingsley Amis classic Lucky Jim,Duke Ellington playing piano in Coventry Cathedral 1968,伊恩·卡迈克尔出演1957年改编自金斯利·艾米斯经典作品《幸运儿吉姆》的电影。,杜克·艾灵顿1968年在考文垂大教堂弹钢琴。,different-event mismatch,完全不同事件,"[""entity"", ""location"", ""time"", ""event_type"", ""relation""]",done,已完成,朱俊好,,,missing_rationale,1092214,751170,./guardian/images/0719/820.jpg,artanddesign,train,guardian,时间错配,主体/人物，时间,D:\MY_PROJECT\OOC\datasets\NewsCLIPpings_repo\news_clippings\data\semantics_clip_text_text\train.json,outputs\ooc50_annotation_20260626\真实OOC人工标注50条_中文.xlsx,batch1,
386958,batch1,10,真实OOC,1,OOC,0.9,test,usa_today,Israeli Prime Minister Benjamin Netanyahu criticized a pending nuclear deal with Iran in a speech in Jerusalem on Friday April 3 2015,Secretary of State John Kerry speaks to the media during a press conference in Australia,以色列总理本雅明·内塔尼亚胡于2015年4月3日星期五在耶路撒冷发表演讲，批评一项尚待达成的伊朗核协议。,美国国务卿约翰·克里在澳大利亚的一场新闻发布会上对媒体讲话。,different-event mismatch,完全不同事件,"[""entity"", ""location"", ""time""]",done,已完成,朱俊好,,,missing_rationale,218071,386958,./usa_today/images/0031/960.jpg,international_relations,test,usa_today,地点错配,主体/人物，地点,D:\MY_PROJECT\OOC\datasets\NewsCLIPpings_repo\news_clippings\data\merged_balanced\test.json,outputs\ooc50_annotation_20260626\真实OOC人工标注50条_中文.xlsx,batch1,
957866,batch1,11,真实OOC,1,OOC,0.9,train,usa_today,The Texas Giant ride in Arlington where a woman fell to her death,In this 30second exposure shot taken by camera remote a ferris wheel lights up Myrtle Beach SC,阿灵顿的“德州巨人”游乐设施，一名女子曾从那里坠落身亡。,在这张30秒曝光、由遥控相机拍摄的照片中，一座摩天轮照亮了南卡罗来纳州默特尔比奇。,entity mismatch,主体/人物错配,"[""entity"", ""event_type"", ""relation""]",done,已完成,朱俊好,,,missing_rationale,220638,957866,./usa_today/images/0710/586.jpg,international_relations,train,usa_today,主体/人物错配,主体/人物，地点,D:\MY_PROJECT\OOC\datasets\NewsCLIPpings_repo\news_clippings\data\semantics_clip_text_image\train.json,outputs\ooc50_annotation_20260626\真实OOC人工标注50条_中文.xlsx,batch1,
115560,batch1,12,真实OOC,1,OOC,0.9,train,guardian,A month into this year s signup for insurance on HealthCaregov federal officials are urging people to enroll before a Dec 15 deadline for coverage as of New Year s,The Guardian app for Android,今年HealthCare.gov保险登记开始一个月后，联邦官员敦促人们在12月15日截止日期前报名，以便从新年起获得保险覆盖。,安卓版《卫报》应用。,context omission,上下文遗漏,"[""context_omission"", ""evidence_insufficient""]",done,已完成,朱俊好,,,missing_rationale,767249,115560,./guardian/images/0594/076.jpg,info,train,guardian,主体/人物错配,主体/人物,D:\MY_PROJECT\OOC\datasets\NewsCLIPpings_repo\news_clippings\data\scene_resnet_place\train.json,outputs\ooc50_annotation_20260626\真实OOC人工标注50条_中文.xlsx,batch1,
1024608,batch1,13,真实OOC,1,OOC,0.9,train,guardian,Ballarat abuse survivor Philip Nagle told the royal commission that of 33 boys in his year at a Catholic school where abuse occurred he believed 12 had killed themselves,Ed and Paula Kassig during a prayer vigil for their son AbdulRahman Kassig in Indiana last week,巴拉瑞特虐待幸存者菲利普·内格尔告诉皇家委员会，在他就读的那所发生虐待的天主教学校同届33名男生中，他认为有12人已经自杀。,埃德和保拉·卡西格上周在印第安纳为儿子阿卜杜勒-拉赫曼·卡西格举行祈祷守夜。,different-event mismatch,完全不同事件,"[""entity"", ""location"", ""event_type"", ""relation""]",done,已完成,朱俊好,,,missing_rationale,923416,1024608,./guardian/images/0146/017.jpg,world,train,guardian,时间错配,时间,D:\MY_PROJECT\OOC\datasets\NewsCLIPpings_repo\news_clippings\data\semantics_clip_text_text\train.json,outputs\ooc50_annotation_20260626\真实OOC人工标注50条_中文.xlsx,batch1,
259984,batch1,14,真实OOC,1,OOC,0.9,train,usa_today,Lauren Santo Domingo attends the White House Correspondents Association Dinner,Reese Witherspoon dazzled in Harry Winston jewels,劳伦·圣多明戈出席白宫记者协会晚宴。,瑞茜·威瑟斯彭佩戴海瑞·温斯顿珠宝，光彩夺目。,entity mismatch,主体/人物错配,"[""entity""]",done,已完成,朱俊好,,,missing_rationale,239225,259984,./usa_today/images/0678/503.jpg,arts_culture,train,usa_today,主体/人物错配,主体/人物,D:\MY_PROJECT\OOC\datasets\NewsCLIPpings_repo\news_clippings\data\semantics_clip_text_text\train.json,outputs\ooc50_annotation_20260626\真实OOC人工标注50条_中文.xlsx,batch1,
386931,batch1,15,真实OOC,1,OOC,0.9,train,bbc,Thieves took a 1901 painting titled Charing Cross Bridge London by Claude Monet,Cafe customer Liam Sharp described Houses at Auvers II as incredible,盗贼偷走了克劳德·莫奈1901年的画作《查令十字桥，伦敦》。,咖啡馆顾客利亚姆·夏普称《奥维尔的房屋II》“令人难以置信”。,different-event mismatch,完全不同事件,"[""entity"", ""event_type"", ""relation""]",done,已完成,朱俊好,,,missing_rationale,1628218,386931,./bbc/images/0471/104.jpg,arts_culture,train,bbc,主体/人物错配,主体/人物，时间,D:\MY_PROJECT\OOC\datasets\NewsCLIPpings_repo\news_clippings\data\semantics_clip_text_image\train.json,outputs\ooc50_annotation_20260626\真实OOC人工标注50条_中文.xlsx,batch1,
542860,batch1,16,真实OOC,1,OOC,0.9,train,guardian,Macaques bask in the sun at the wild monkey valley in Huangshan China,Time for some pampering Japanese macaques or snow monkeys groom each other in a hot spring in a snowcovered valley in Yamanouchi Japan See more images in our gallery,猕猴在中国黄山野猴谷晒太阳。,该享受护理了：日本猕猴，也叫雪猴，在日本山之内一处被雪覆盖的山谷温泉中互相梳理毛发。更多图片见我们的图集。,different-event mismatch,完全不同事件,"[""location"", ""event_type"", ""relation""]",done,已完成,朱俊好,,,missing_rationale,1121162,542860,./guardian/images/0745/821.jpg,news,train,guardian,地点错配,主体/人物，地点,D:\MY_PROJECT\OOC\datasets\NewsCLIPpings_repo\news_clippings\data\semantics_clip_text_text\train.json,outputs\ooc50_annotation_20260626\真实OOC人工标注50条_中文.xlsx,batch1,
1554066,batch1,17,真实OOC,1,OOC,0.9,train,guardian,Sir John Tavener with Neville Marriner in 1970,Melvyn Bragg and William Golding on the South Bank Show 1993,约翰·塔文纳爵士1970年与内维尔·马里纳在一起。,梅尔文·布拉格和威廉·戈尔丁在1993年的《南岸秀》节目中。,different-event mismatch,完全不同事件,"[""entity"", ""time""]",done,已完成,朱俊好,,,missing_rationale,994595,1554066,./guardian/images/0607/717.jpg,books,train,guardian,时间错配,主体/人物，时间,D:\MY_PROJECT\OOC\datasets\NewsCLIPpings_repo\news_clippings\data\semantics_clip_text_text\train.json,outputs\ooc50_annotation_20260626\真实OOC人工标注50条_中文.xlsx,batch1,
362691,batch1,18,真实OOC,1,OOC,0.9,train,guardian,The B47 Stratojet first flew in 1947 It s seen here making a rocketassisted takeoff It was the USA s first multiengine sweptwing jet bomber,Air France Concorde flight 4590 takes off from Charles de Gaulle airport in Paris in 2000,B-47“同温层喷气机”于1947年首飞。图中它正在进行火箭助推起飞。它是美国第一种多发动机后掠翼喷气式轰炸机。,2000年，法航4590号协和式客机从巴黎戴高乐机场起飞。,different-event mismatch,完全不同事件,"[""entity"", ""time""]",done,已完成,朱俊好,,,missing_rationale,479906,362691,./guardian/images/0829/060.jpg,world,train,guardian,时间错配,地点，时间,D:\MY_PROJECT\OOC\datasets\NewsCLIPpings_repo\news_clippings\data\semantics_clip_text_text\train.json,outputs\ooc50_annotation_20260626\真实OOC人工标注50条_中文.xlsx,batch1,
1478656,batch1,19,真实OOC,1,OOC,0.9,train,guardian,Mr Lazarevic thanked the French president for securing his release,President Nicolas Sarkozy offered Greece European support and vowed to wage a determined fight to deter speculation against the euro,拉扎雷维奇先生感谢法国总统促成他的获释。,尼古拉·萨科齐总统向希腊提供欧洲支持，并誓言坚决打击针对欧元的投机行为。,different-event mismatch,完全不同事件,"[""entity"", ""event_type"", ""relation""]",done,已完成,朱俊好,,,missing_rationale,1250423,1478656,./guardian/images/0061/079.jpg,business,train,guardian,主体/人物错配,主体/人物,D:\MY_PROJECT\OOC\datasets\NewsCLIPpings_repo\news_clippings\data\semantics_clip_text_image\train.json,outputs\ooc50_annotation_20260626\真实OOC人工标注50条_中文.xlsx,batch1,
867158,batch1,20,真实OOC,1,OOC,0.9,train,washington_post,ExFlorida governor Jeb Bush speaks at Alec s 40th annual meeting in August Alec has identified more than 40 lapsed corporate members Photo M Spencer GreenAP,Jeb Bush runs along the Independence Day parade route in Merrimack NH last weekend,佛罗里达州前州长杰布·布什在ALEC第40届年会上讲话。ALEC称已有40多家企业成员退出。图片：M Spencer Green/AP。,上周末，杰布·布什在新罕布什尔州梅里马克的独立日游行路线上跑步。,different-event mismatch,完全不同事件,"[""location"", ""time"", ""event_type"", ""relation""]",done,已完成,朱俊好,,,missing_rationale,113684,867158,./washington_post/images/0507/737.jpg,international_relations,train,washington_post,时间错配,时间,D:\MY_PROJECT\OOC\datasets\NewsCLIPpings_repo\news_clippings\data\merged_balanced\train.json,outputs\ooc50_annotation_20260626\真实OOC人工标注50条_中文.xlsx,batch1,
1592016,batch1,21,真实OOC,1,OOC,0.9,train,bbc,Indian administered Kashmir has been without a government since late December,Mr Modi is meeting South Asian leaders on Tuesday Hamid Karzai of Afghanistan was first,印度管辖的克什米尔自去年12月下旬以来一直没有政府。,莫迪先生星期二会见南亚领导人，阿富汗的哈米德·卡尔扎伊是第一位。,different-event mismatch,完全不同事件,"[""entity"", ""event_type"", ""relation""]",done,已完成,朱俊好,,,missing_rationale,1580541,1592016,./bbc/images/0323/308.jpg,international_relations,train,bbc,无明显语义冲突/泛化配图,,D:\MY_PROJECT\OOC\datasets\NewsCLIPpings_repo\news_clippings\data\semantics_clip_text_text\train.json,outputs\ooc50_annotation_20260626\真实OOC人工标注50条_中文.xlsx,batch1,
1276458,batch1,22,真实OOC,1,OOC,0.9,train,guardian,The latest bulk order by Ai Weiwei would have been used to create an artwork to be shown at the National Gallery of Victoria in Australia later this year,Song Dong with his Waste Not installation at the Barbican in London,艾未未最新的一批大量订单本将用于创作一件艺术品，计划于今年晚些时候在澳大利亚维多利亚国家美术馆展出。,宋冬与他在伦敦巴比肯中心的《物尽其用》装置作品。,different-event mismatch,完全不同事件,"[""entity"", ""location"", ""relation""]",done,已完成,朱俊好,,,missing_rationale,562913,1276458,./guardian/images/0273/884.jpg,artanddesign,train,guardian,完全不同事件,主体/人物，地点，时间,D:\MY_PROJECT\OOC\datasets\NewsCLIPpings_repo\news_clippings\data\semantics_clip_text_image\train.json,outputs\ooc50_annotation_20260626\真实OOC人工标注50条_中文.xlsx,batch1,
335130,batch1,23,真实OOC,1,OOC,0.9,val,washington_post,Obamacare s next round at the Supreme Court hinges on the meaning of four words in the 906page law,The White House video that tries to sell Obama s image abroad,奥巴马医改下一轮最高法院案件的关键在于这部906页法律中的四个词是什么意思。,白宫视频试图在海外推销奥巴马的形象。,event-type mismatch,事件类型错配,"[""event_type"", ""relation""]",done,已完成,朱俊好,,,missing_rationale,181453,335130,./washington_post/images/0592/011.jpg,arts_culture,val,washington_post,事件类型错配,事件类型,D:\MY_PROJECT\OOC\datasets\NewsCLIPpings_repo\news_clippings\data\semantics_clip_text_image\val.json,outputs\ooc50_annotation_20260626\真实OOC人工标注50条_中文.xlsx,batch1,
713928,batch1,24,真实OOC,1,OOC,0.9,train,washington_post,Nigerian officials transport the body of a victim after gunmen attacked churchgoers in Kano,A man wearing a headscarf dragraces on the streets to celebrate Buhari s projected victory in Kaduna,尼日利亚官员在卡诺枪手袭击教堂礼拜者后运送一名遇难者遗体。,一名戴头巾的男子在卡杜纳街头飙车，以庆祝布哈里预计获胜。,different-event mismatch,完全不同事件,"[""entity"", ""location"", ""event_type"", ""relation""]",done,已完成,朱俊好,,,missing_rationale,160800,713928,./washington_post/images/0492/114.jpg,politics_elections,train,washington_post,完全不同事件,地点，事件类型,D:\MY_PROJECT\OOC\datasets\NewsCLIPpings_repo\news_clippings\data\semantics_clip_text_text\train.json,outputs\ooc50_annotation_20260626\真实OOC人工标注50条_中文.xlsx,batch1,
692929,batch1,25,真实OOC,1,OOC,0.9,test,guardian,BA and Iberia will keep their individual identities after the merger,Nuffield Trust has examined the funding pressures facing the NHS over the next decade to 202122,英航和伊比利亚航空合并后将保留各自品牌身份。,纳菲尔德信托研究了未来十年至2021/22年间NHS面临的资金压力。,different-event mismatch,完全不同事件,"[""entity"", ""event_type"", ""relation""]",done,已完成,朱俊好,,,missing_rationale,1049489,692929,./guardian/images/0652/851.jpg,healthcare-network,test,guardian,无明显语义冲突/泛化配图,,D:\MY_PROJECT\OOC\datasets\NewsCLIPpings_repo\news_clippings\data\scene_resnet_place\test.json,outputs\ooc50_annotation_20260626\真实OOC人工标注50条_中文.xlsx,batch1,
223640,batch1,26,真实OOC,1,OOC,0.9,train,usa_today,The Q50 went on sale first in the US and is being rolled out for global markets,The allnew 2016 Cadillac CTSV luxury performance sedan has a top speed of 201 mph,Q50首先在美国上市，并正在向全球市场推出。,全新2016款凯迪拉克CTS-V豪华性能轿车最高时速达201英里。视频由Newsy提供。,different-event mismatch,完全不同事件,"[""entity"", ""event_type""]",done,已完成,朱俊好,,,missing_rationale,208917,223640,./usa_today/images/0415/395.jpg,science_technology,train,usa_today,事件类型错配,事件类型,D:\MY_PROJECT\OOC\datasets\NewsCLIPpings_repo\news_clippings\data\scene_resnet_place\train.json,outputs\ooc50_annotation_20260626\真实OOC人工标注50条_中文.xlsx,batch1,
1680548,batch1,27,真实OOC,1,OOC,0.9,train,usa_today,Marines from South Korea and the US have been taking part in joint military drills,Veterans Affairs Secretary Eric Shinseki has rejected calls for his resignation amid an investigation of patient care at VA facilities,韩国和美国海军陆战队一直在参加联合军事演习。,退伍军人事务部长埃里克·新关在VA医疗机构患者护理调查期间，拒绝了要求其辞职的呼声。,different-event mismatch,完全不同事件,"[""entity"", ""event_type"", ""relation""]",done,已完成,朱俊好,,,missing_rationale,225746,1680548,./usa_today/images/0522/900.jpg,arts_culture,train,usa_today,无明显语义冲突/泛化配图,,D:\MY_PROJECT\OOC\datasets\NewsCLIPpings_repo\news_clippings\data\semantics_clip_text_text\train.json,outputs\ooc50_annotation_20260626\真实OOC人工标注50条_中文.xlsx,batch1,
399353,batch1,28,真实OOC,1,OOC,0.9,train,usa_today,Joan Rivers in February 2012 backstage for E s Fashion Police before a fashion show in New York,11115 30604 PM Los Angeles CA USA Christine Baranski arrives at the 72nd annual Golden Globe Awards Photo by Dan MacMedan USA TODAY contract photographer,2012年2月，琼·里弗斯在纽约一场时装秀前，在E!《时尚警察》后台。,2015年1月11日18:04，美国加利福尼亚州洛杉矶，克里斯汀·芭伦斯基抵达第72届金球奖。摄影：Dan MacMedan，美国今日合同摄影师。,different-event mismatch,完全不同事件,"[""entity"", ""location"", ""time"", ""event_type"", ""relation""]",done,已完成,朱俊好,,,missing_rationale,397622,399353,./usa_today/images/0405/100.jpg,arts_culture,train,usa_today,地点错配,地点,D:\MY_PROJECT\OOC\datasets\NewsCLIPpings_repo\news_clippings\data\semantics_clip_text_text\train.json,outputs\ooc50_annotation_20260626\真实OOC人工标注50条_中文.xlsx,batch1,
269310,batch1,29,真实OOC,1,OOC,0.9,train,guardian,Edward Snowden says his mission s already accomplished after leaking NSA secrets that have caused a reassessment of US surveillance policies,WikiLeaks Hollywood studios are looking to the Facebook film The Social Network as a template,爱德华·斯诺登表示，在泄露NSA秘密并引发美国监控政策重新评估后，他的使命已经完成。,维基解密：好莱坞电影公司正把Facebook题材电影《社交网络》作为模板。,different-event mismatch,完全不同事件,"[""entity"", ""event_type"", ""relation""]",done,已完成,朱俊好,,,missing_rationale,877811,269310,./guardian/images/0478/369.jpg,media,train,guardian,完全不同事件,主体/人物，事件类型,D:\MY_PROJECT\OOC\datasets\NewsCLIPpings_repo\news_clippings\data\semantics_clip_text_image\train.json,outputs\ooc50_annotation_20260626\真实OOC人工标注50条_中文.xlsx,batch1,
1611187,batch1,30,真实OOC,1,OOC,0.9,train,usa_today,Apple s chief design officer Sir Jonathan Ive is known to have a passion for cars,Porsche s Mission E electric car can charge in about 15 minutes and go 0 to 60 in 35 seconds Video provided by Newsy,苹果首席设计官乔纳森·艾维爵士以热爱汽车而闻名。,保时捷Mission E电动车约15分钟即可充电，并可在3.5秒内从0加速到60英里/小时。视频由Newsy提供。,different-event mismatch,完全不同事件,"[""entity"", ""event_type"", ""relation""]",done,已完成,朱俊好,,,missing_rationale,358129,1611187,./usa_today/images/0166/325.jpg,science_technology,train,usa_today,主体/人物错配,主体/人物,D:\MY_PROJECT\OOC\datasets\NewsCLIPpings_repo\news_clippings\data\semantics_clip_text_image\train.json,outputs\ooc50_annotation_20260626\真实OOC人工标注50条_中文.xlsx,batch1,
192776,batch1,31,真实OOC,1,OOC,0.9,val,guardian,Traders on the floor of the New York Stock Exchange hold a moment of silence in honor of those killed in the massacre in Newtown,People are evacuated following the attack at the Bataclan concert venue in Paris on Friday evening,纽约证券交易所交易大厅的交易员为纽敦惨案遇难者默哀。,巴黎巴塔克兰音乐厅遇袭后，人们在周五晚被疏散。,different-event mismatch,完全不同事件,"[""entity"", ""location"", ""time"", ""event_type"", ""relation""]",done,已完成,朱俊好,,,missing_rationale,971639,192776,./guardian/images/0195/612.jpg,world,val,guardian,完全不同事件,主体/人物，地点，事件类型,D:\MY_PROJECT\OOC\datasets\NewsCLIPpings_repo\news_clippings\data\scene_resnet_place\val.json,outputs\ooc50_annotation_20260626\真实OOC人工标注50条_中文.xlsx,batch1,
346449,batch1,32,真实OOC,1,OOC,0.9,test,washington_post,Seattle Pacific University students and faculty pray together at First Free Methodist Church on campus following a shooting that left one dead and three injured June 5 2014 in Seattle,Mourners pray during a vigil at the Cathedral Shrine of the Virgin of Guadalupe in Dallas,2014年6月5日，西雅图太平洋大学发生枪击事件造成1死3伤后，学生和教职员工在校园内第一自由卫理公会教堂一起祈祷。,悼念者在达拉斯瓜达卢佩圣母主教座堂举行的守夜活动中祈祷。,different-event mismatch,完全不同事件,"[""entity"", ""location""]",done,已完成,朱俊好,,,missing_rationale,182247,346449,./washington_post/images/0502/039.jpg,law_crime,test,washington_post,完全不同事件,主体/人物，地点，关系/动作,D:\MY_PROJECT\OOC\datasets\NewsCLIPpings_repo\news_clippings\data\semantics_clip_text_text\test.json,outputs\ooc50_annotation_20260626\真实OOC人工标注50条_中文.xlsx,batch1,
321125,batch1,33,真实OOC,1,OOC,0.9,train,usa_today,Stefan Kozlov of the US plays a return to Johan Sebastien Tatlot of France during their boys singles semifinal match,Jack Sock returns against Dustin Brown,美国选手斯特凡·科兹洛夫在男子单打半决赛中回球，对手是法国选手约翰·塞巴斯蒂安·塔洛。,杰克·索克在对阵达斯汀·布朗时回球。,entity mismatch,主体/人物错配,"[""entity"", ""time""]",done,已完成,朱俊好,,,missing_rationale,209556,321125,./usa_today/images/0575/357.jpg,arts_culture,train,usa_today,主体/人物错配,主体/人物,D:\MY_PROJECT\OOC\datasets\NewsCLIPpings_repo\news_clippings\data\merged_balanced\train.json,outputs\ooc50_annotation_20260626\真实OOC人工标注50条_中文.xlsx,batch1,
1505025,batch1,34,真实OOC,1,OOC,0.9,train,bbc,The deal with Europe over financial regulation was welcomed by Mr Carney,Mr Cameron is also holding talks with Irish Taoiseach Enda Kenny,卡尼先生对与欧洲达成的金融监管协议表示欢迎。,卡梅伦先生还在与爱尔兰总理恩达·肯尼举行会谈。,different-event mismatch,完全不同事件,"[""entity"", ""location"", ""event_type"", ""relation""]",done,已完成,朱俊好,,,missing_rationale,1559158,1505025,./bbc/images/0199/592.jpg,international_relations,train,bbc,无明显语义冲突/泛化配图,,D:\MY_PROJECT\OOC\datasets\NewsCLIPpings_repo\news_clippings\data\merged_balanced\train.json,outputs\ooc50_annotation_20260626\真实OOC人工标注50条_中文.xlsx,batch1,
56451,batch1,35,真实OOC,1,OOC,0.9,train,guardian,Channing D Phillips nominated for US Attorney for the District center appeared with US Attorney Kenneth L Wainstein in a 2005 news conference,Former New Orleans mayor Ray Nagin during a press conference in New Orleans in 2008,钱宁·D·菲利普斯被提名为哥伦比亚特区联邦检察官；图中他在2005年的新闻发布会上与联邦检察官肯尼斯·L·温斯坦同台。,前新奥尔良市长雷·纳金于2008年在新奥尔良出席新闻发布会。,different-event mismatch,完全不同事件,"[""entity"", ""location"", ""time""]",done,已完成,朱俊好,,,missing_rationale,755503,56451,./guardian/images/0572/403.jpg,world,train,guardian,时间错配,时间,D:\MY_PROJECT\OOC\datasets\NewsCLIPpings_repo\news_clippings\data\semantics_clip_text_image\train.json,outputs\ooc50_annotation_20260626\真实OOC人工标注50条_中文.xlsx,batch1,
810073,batch1,36,真实OOC,1,OOC,0.9,train,guardian,Kiev Ukraine Supporters of opposition parties attend a rally marking Unity Day the 93rd anniversary of the unification of the western and eastern parts of the country,Bright young things punk girls near Tower Bridge London circa 1985,乌克兰基辅：反对党支持者参加一场纪念东西部统一93周年“团结日”的集会。,年轻时髦的朋克女孩，约1985年在伦敦塔桥附近。,different-event mismatch,完全不同事件,"[""entity"", ""location"", ""time"", ""event_type"", ""relation""]",done,已完成,朱俊好,,,missing_rationale,713751,810073,./guardian/images/0505/685.jpg,books,train,guardian,地点错配,主体/人物，地点,D:\MY_PROJECT\OOC\datasets\NewsCLIPpings_repo\news_clippings\data\scene_resnet_place\train.json,outputs\ooc50_annotation_20260626\真实OOC人工标注50条_中文.xlsx,batch1,
383893,batch1,37,真实OOC,1,OOC,0.9,train,usa_today,Marcia Gay Harden was radiant in a red David Meister Signature gown which she paired with a Swarovski clutch and John Hardy jewelry,Cyndi Thomson arrives on the red carpet at the 51st Academy of Country Music Awards in Las Vegas,玛西娅·盖·哈登身着红色David Meister Signature礼服，搭配施华洛世奇手拿包和John Hardy珠宝，光彩照人。,辛迪·汤姆森抵达拉斯维加斯第51届乡村音乐学院奖红毯。,entity mismatch,主体/人物错配,"[""entity""]",done,已完成,朱俊好,,,missing_rationale,349937,383893,./usa_today/images/0508/183.jpg,arts_culture,train,usa_today,事件类型错配,事件类型,D:\MY_PROJECT\OOC\datasets\NewsCLIPpings_repo\news_clippings\data\semantics_clip_text_text\train.json,outputs\ooc50_annotation_20260626\真实OOC人工标注50条_中文.xlsx,batch1,
898623,batch1,38,真实OOC,1,OOC,0.9,train,washington_post,If Americans can rebel over tea British expats can certainly consider rebelling over strangetasting chocolate,The Bull Pen at the Pac12 offices in San Francisco,如果美国人可以因茶而反抗，英国侨民当然也可以考虑因味道奇怪的巧克力而反抗。,旧金山Pac-12办公室里的“牛棚”。,different-event mismatch,完全不同事件,"[""entity"", ""event_type"", ""relation""]",done,已完成,朱俊好,,,missing_rationale,84465,898623,./washington_post/images/0402/944.jpg,arts_culture,train,washington_post,无明显语义冲突/泛化配图,,D:\MY_PROJECT\OOC\datasets\NewsCLIPpings_repo\news_clippings\data\merged_balanced\train.json,outputs\ooc50_annotation_20260626\真实OOC人工标注50条_中文.xlsx,batch1,
277010,batch1,39,真实OOC,1,OOC,0.9,train,washington_post,A US Air Force B1B bomber plane flies above the Syrian town of Kobane on Oct 18 2014,In this Friday Dec 25 2015 photo smoke rises from Islamic State positions following a USled coalition airstrike as Iraqi ssecurity forces advance their position in downtown Ramadi,2014年10月18日，一架美国空军B-1B轰炸机飞过叙利亚科巴尼镇上空。,在这张2015年12月25日星期五的照片中，美军领导的联军空袭后，伊拉克安全部队向拉马迪市中心推进，伊斯兰国阵地冒起浓烟。,different-event mismatch,完全不同事件,"[""entity"", ""location"", ""time"", ""relation""]",done,已完成,朱俊好,,,missing_rationale,151043,277010,./washington_post/images/0197/819.jpg,conflict_attack,train,washington_post,时间错配,主体/人物，时间,D:\MY_PROJECT\OOC\datasets\NewsCLIPpings_repo\news_clippings\data\semantics_clip_text_text\train.json,outputs\ooc50_annotation_20260626\真实OOC人工标注50条_中文.xlsx,batch1,
172892,batch1,40,真实OOC,1,OOC,0.9,test,washington_post,Clarkson meets President Obama after her performance,Winfrey asks Purdy Do the shoes come with the feet at the event Purdy is a worldclass snowboarder and US Paralympic bronze medalist and was on Dancing With the Stars,克拉克森在演出结束后会见奥巴马总统。,在活动上，温弗瑞问普尔迪：“这双鞋带脚一起给吗？”普尔迪是世界级单板滑雪运动员、美国残奥会铜牌得主，并曾参加《与星共舞》。,different-event mismatch,完全不同事件,"[""entity"", ""event_type"", ""relation""]",done,已完成,朱俊好,,,missing_rationale,107970,172892,./washington_post/images/0015/237.jpg,arts_culture,test,washington_post,完全不同事件,主体/人物，事件类型,D:\MY_PROJECT\OOC\datasets\NewsCLIPpings_repo\news_clippings\data\semantics_clip_text_image\test.json,outputs\ooc50_annotation_20260626\真实OOC人工标注50条_中文.xlsx,batch1,
1448312,batch1,41,真实OOC,1,OOC,0.9,train,bbc,A clothing factory stood on the Ynyswen Road site for 70 years before Burberry pulled out,Fenton s Rink is in the heart of Kent s countryside just outside Tunbridge Wells,在Burberry撤出之前，一家服装厂曾在Ynyswen Road这处地点存在了70年。,芬顿溜冰场位于肯特郡乡村中心，紧邻坦布里奇韦尔斯。,different-event mismatch,完全不同事件,"[""entity"", ""location"", ""event_type""]",done,已完成,朱俊好,,,missing_rationale,1517862,1448312,./bbc/images/0154/803.jpg,arts_culture,train,bbc,地点错配,主体/人物，地点,D:\MY_PROJECT\OOC\datasets\NewsCLIPpings_repo\news_clippings\data\semantics_clip_text_text\train.json,outputs\ooc50_annotation_20260626\真实OOC人工标注50条_中文.xlsx,batch1,
794347,batch1,42,真实OOC,1,OOC,0.9,train,guardian,Madeon performs at Transmusicales festival in France on 6 December,The Art School has played a definitive role in Glasgow s music scene,Madeon于12月6日在法国Transmusicales音乐节演出。,The Art School在格拉斯哥音乐场景中发挥了决定性作用。,entity mismatch,主体/人物错配,"[""entity"", ""location""]",done,已完成,朱俊好,,,missing_rationale,1183749,794347,./guardian/images/0786/674.jpg,travel,train,guardian,地点错配,地点,D:\MY_PROJECT\OOC\datasets\NewsCLIPpings_repo\news_clippings\data\semantics_clip_text_image\train.json,outputs\ooc50_annotation_20260626\真实OOC人工标注50条_中文.xlsx,batch1,
865674,batch1,43,真实OOC,1,OOC,0.9,train,guardian,Keighley s Danny Jones a Welsh international was taken from the field in the fourth minute of the game against London Skolars but died later at the Royal Free Hospital,The Guardian article from 1988 on failed attempts to rename a street in Yorkshire Mandela Way,基斯利队的威尔士国脚丹尼·琼斯在对阵伦敦斯科拉斯队的比赛第4分钟被抬下场，随后在皇家自由医院去世。,《卫报》1988年的一篇文章，讲述在约克郡将一条街改名为“曼德拉路”的尝试失败。,different-event mismatch,完全不同事件,"[""entity"", ""location"", ""time"", ""event_type"", ""relation""]",done,已完成,朱俊好,,,missing_rationale,1253245,865674,./guardian/images/0055/295.jpg,artanddesign,train,guardian,完全不同事件,主体/人物，地点，事件类型,D:\MY_PROJECT\OOC\datasets\NewsCLIPpings_repo\news_clippings\data\semantics_clip_text_image\train.json,outputs\ooc50_annotation_20260626\真实OOC人工标注50条_中文.xlsx,batch1,
1545019,batch1,44,真实OOC,1,OOC,0.9,train,guardian,Karine Polwart is a Scottish singersongwriter whose style is grounded in folk music,Secrets are part of the fabric of everybody s lives Emily Mortimer s new film is City Island in which a family all have secrets,卡琳·波尔沃特是一位苏格兰创作型歌手，音乐风格扎根于民谣。,秘密是每个人生活的一部分。艾米莉·莫蒂默的新片是《城市岛》，片中一家人都有秘密。,different-event mismatch,完全不同事件,"[""entity"", ""event_type""]",done,已完成,朱俊好,,,missing_rationale,1196408,1545019,./guardian/images/0004/306.jpg,film,train,guardian,事件类型错配,事件类型,D:\MY_PROJECT\OOC\datasets\NewsCLIPpings_repo\news_clippings\data\semantics_clip_text_image\train.json,outputs\ooc50_annotation_20260626\真实OOC人工标注50条_中文.xlsx,batch1,
399892,batch1,45,真实OOC,1,OOC,0.9,train,usa_today,A sheriff s deputy stands outside a Pennsburg Pa home on Dec 16 2014 where suspect Bradley William Stone was sought after the night before,A police officer stands guard at the Magnolia overpass in Corona,2014年12月16日，一名警长副手站在宾夕法尼亚州彭斯堡一户住宅外；嫌疑人布拉德利·威廉·斯通在前一晚事件后被追捕。,一名警察在科罗纳的Magnolia天桥站岗。,location mismatch,地点错配,"[""entity"", ""location""]",done,已完成,朱俊好,,,missing_rationale,436393,399892,./usa_today/images/0612/311.jpg,law_crime,train,usa_today,地点错配,主体/人物，地点,D:\MY_PROJECT\OOC\datasets\NewsCLIPpings_repo\news_clippings\data\semantics_clip_text_text\train.json,outputs\ooc50_annotation_20260626\真实OOC人工标注50条_中文.xlsx,batch1,
169292,batch1,46,真实OOC,1,OOC,0.9,train,washington_post,Vinnie Taylor 44 of Wilmington NC pleaded guilty in federal court to administering illegal silicone injections and will serve 12 to 15 years in prison,Former State Department official Daniel Rosen of Washington,北卡罗来纳州威尔明顿44岁的文尼·泰勒在联邦法院承认非法注射硅胶，将服刑12至15年。,来自华盛顿的前国务院官员丹尼尔·罗森。,entity mismatch,主体/人物错配,"[""entity""]",done,已完成,朱俊好,,,missing_rationale,67361,169292,./washington_post/images/0563/080.jpg,law_crime,train,washington_post,主体/人物错配,主体/人物,D:\MY_PROJECT\OOC\datasets\NewsCLIPpings_repo\news_clippings\data\semantics_clip_text_image\train.json,outputs\ooc50_annotation_20260626\真实OOC人工标注50条_中文.xlsx,batch1,
213594,batch1,47,真实OOC,1,OOC,0.9,train,usa_today,The opening page of the Community Health Systems web site The company is based in Franklin Tenn,Louisiana based Lamar Advertising has donated more than 150 companyowned billboards nationwide to a new campaign to put the slogans BlueLivesMatter and thankublu on signs across the country,Community Health Systems网站的首页；该公司总部位于田纳西州富兰克林。,路易斯安那州的Lamar Advertising捐出全国150多块公司广告牌，用于一项新活动，在全国标语牌上展示“BlueLivesMatter”和“thankublu”等口号。,entity mismatch,主体/人物错配,"[""entity""]",done,已完成,朱俊好,,,missing_rationale,318944,213594,./usa_today/images/0686/705.jpg,law_crime,train,usa_today,主体/人物错配,主体/人物,D:\MY_PROJECT\OOC\datasets\NewsCLIPpings_repo\news_clippings\data\semantics_clip_text_image\train.json,outputs\ooc50_annotation_20260626\真实OOC人工标注50条_中文.xlsx,batch1,
1627681,batch1,48,真实OOC,1,OOC,0.9,train,washington_post,Lutyens Delhi houses India s parliament and other government offices,Palestinians make their way to pray in the Dome of the Rock at alAqsa Mosque on Sept 15,新德里的卢琴斯区坐落着印度议会和其他政府办公机构。,9月15日，巴勒斯坦人前往阿克萨清真寺的圆顶清真寺祈祷。,different-event mismatch,完全不同事件,"[""entity"", ""location"", ""event_type"", ""relation""]",done,已完成,朱俊好,,,missing_rationale,174129,1627681,./washington_post/images/0592/603.jpg,international_relations,train,washington_post,地点错配,主体/人物，地点,D:\MY_PROJECT\OOC\datasets\NewsCLIPpings_repo\news_clippings\data\scene_resnet_place\train.json,outputs\ooc50_annotation_20260626\真实OOC人工标注50条_中文.xlsx,batch1,
1112594,batch1,49,真实OOC,1,OOC,0.9,test,guardian,17 April 1985 Antiapartheid demonstrators march through the traffic on the University of California campus Students called on the university to cut all business ties with South Africa,An American neoNazis rally confronted by protesters in Marquette Park Chicago c1979 after a previous planned march through the suburb of Skokie was cancelled,1985年4月17日，反种族隔离示威者在加州大学校园的车流中游行。学生呼吁学校切断与南非的一切商业联系。,约1979年，在芝加哥马凯特公园，一场美国新纳粹集会遭到抗议者对峙；此前他们计划穿过斯科基郊区的游行被取消。,different-event mismatch,完全不同事件,"[""entity"", ""location"", ""time"", ""relation""]",done,已完成,朱俊好,,,missing_rationale,891537,1112594,./guardian/images/0100/501.jpg,commentisfree,test,guardian,完全不同事件,主体/人物，地点，时间,D:\MY_PROJECT\OOC\datasets\NewsCLIPpings_repo\news_clippings\data\semantics_clip_text_text\test.json,outputs\ooc50_annotation_20260626\真实OOC人工标注50条_中文.xlsx,batch1,
458855,batch1,50,真实OOC,1,OOC,0.9,train,guardian,A detail from Nympheas a 1906 painting by Claude Monet A final bid of 29m meant it went unsold,Detail from Richter s Eislauferin one of the works in the Duerckheim collection to be sold at Sotheby s in London,克劳德·莫奈1906年画作《睡莲》的一处细节；最终2900万英镑的出价未能成交。,里希特《溜冰女》的一处细节，这是杜尔克海姆收藏中将在伦敦苏富比拍卖的作品之一。,entity mismatch,主体/人物错配,"[""entity"", ""relation""]",done,已完成,朱俊好,,,missing_rationale,1249476,458855,./guardian/images/0057/879.jpg,artanddesign,train,guardian,地点错配,地点,D:\MY_PROJECT\OOC\datasets\NewsCLIPpings_repo\news_clippings\data\semantics_clip_text_text\train.json,outputs\ooc50_annotation_20260626\真实OOC人工标注50条_中文.xlsx,batch1,
232333,batch2,1,真实OOC,1,OOC,0.9,train,guardian,Antigovernment protesters clash with police on Feb 18 in Kiev Ukraine Police fired rubber bullets at stonethrowing protesters as they demonstrated close to Ukraine s parliament,Riot police hold a position during protests in Rome after Berlusconi s vote of confidence,2月18日，在乌克兰基辅，反政府抗议者与警察发生冲突。抗议者在乌克兰议会附近示威并投掷石块，警方发射橡皮子弹。,贝卢斯科尼信任投票后，防暴警察在罗马的抗议活动中坚守阵地。,different-event mismatch,完全不同事件,"[""entity"", ""location"", ""time""]",done,已完成,朱俊好,,,missing_rationale,1226211,232333,./guardian/images/0033/059.jpg,,,,地点错配,主体/人物，地点,D:\MY_PROJECT\OOC\datasets\NewsCLIPpings_repo\news_clippings\data\semantics_clip_text_image\train.json,outputs\ooc50_annotation_batch2_20260626\真实OOC人工标注第2批50条_中文.xlsx,batch2,
247262,batch2,2,真实OOC,1,OOC,0.9,train,washington_post,Specter asks Supreme Court nominee Elena Kagan questions on June 28 2010,Obama I did shake hands with President Duterte,2010年6月28日，斯佩克特向最高法院被提名人埃琳娜·卡根提问。,奥巴马：我确实和杜特尔特总统握了手。,different-event mismatch,完全不同事件,"[""entity"", ""event_type"", ""relation""]",done,已完成,朱俊好,,,missing_rationale,140501,247262,./washington_post/images/0485/404.jpg,,,,完全不同事件,主体/人物，事件类型,D:\MY_PROJECT\OOC\datasets\NewsCLIPpings_repo\news_clippings\data\semantics_clip_text_image\train.json,outputs\ooc50_annotation_batch2_20260626\真实OOC人工标注第2批50条_中文.xlsx,batch2,
1207432,batch2,3,真实OOC,1,OOC,0.9,train,bbc,The Greek prime minister and leader of Syriza,Could a Grexit hand an advantage to Russia,希腊总理兼激进左翼联盟领导人。,希腊退出欧元区会让俄罗斯获利吗？,different-event mismatch,完全不同事件,"[""entity"", ""event_type"", ""relation""]",done,已完成,朱俊好,,,missing_rationale,1626157,1207432,./bbc/images/0453/764.jpg,,,,无明显语义冲突/泛化配图,,D:\MY_PROJECT\OOC\datasets\NewsCLIPpings_repo\news_clippings\data\scene_resnet_place\train.json,outputs\ooc50_annotation_batch2_20260626\真实OOC人工标注第2批50条_中文.xlsx,batch2,
489591,batch2,4,真实OOC,1,OOC,0.9,train,guardian,Chancellor George Osborne delivers the comprehensive spending review in the House of Commons,The chancellor will visit a Siemens factory in Berlin and address German business leaders at the annual conference of the BDI,财政大臣乔治·奥斯本在下议院发表全面支出审查。,这位财政大臣将访问柏林的一家西门子工厂，并在德国工业联合会年度会议上向德国商界领袖发表讲话。,different-event mismatch,完全不同事件,"[""location"", ""event_type"", ""relation""]",done,已完成,朱俊好,,,missing_rationale,662370,489591,./guardian/images/0355/269.jpg,,,,无明显语义冲突/泛化配图,,D:\MY_PROJECT\OOC\datasets\NewsCLIPpings_repo\news_clippings\data\semantics_clip_text_text\train.json,outputs\ooc50_annotation_batch2_20260626\真实OOC人工标注第2批50条_中文.xlsx,batch2,
807435,batch2,5,真实OOC,1,OOC,0.9,train,guardian,Women In Football said it was disappointed the Premier League has missed a significant opportunity to demonstrate a strong commitment to equality in the workplace over the Richard Scudamore controversy,Phonehacking trial Cheryl Carter Rebekah Brooks s former PA is accused of conspiracy to pervert the course of justice,“足球女性”组织表示，对于英超联盟在理查德·斯库达莫尔争议中错失展示工作场所平等坚定承诺的重要机会感到失望。,电话窃听案审判：丽贝卡·布鲁克斯的前私人助理谢丽尔·卡特被控合谋妨碍司法公正。,different-event mismatch,完全不同事件,"[""entity"", ""location"", ""event_type"", ""relation""]",done,已完成,朱俊好,,,missing_rationale,1023499,807435,./guardian/images/0627/499.jpg,,,,主体/人物错配,主体/人物,D:\MY_PROJECT\OOC\datasets\NewsCLIPpings_repo\news_clippings\data\semantics_clip_text_image\train.json,outputs\ooc50_annotation_batch2_20260626\真实OOC人工标注第2批50条_中文.xlsx,batch2,
1677220,batch2,6,真实OOC,1,OOC,0.9,train,guardian,Mr Romero worked on iconic games such as Quake Commander Keen and Wolfenstein 3D,Michael Rosenberg won more Wildscreen Golden Panda awards than any other filmmaker,罗梅罗先生曾参与《雷神之锤》《指挥官基恩》和《德军总部3D》等经典游戏。,迈克尔·罗森伯格获得的Wildscreen金熊猫奖比任何其他电影人都多。,different-event mismatch,完全不同事件,"[""entity"", ""event_type"", ""relation""]",done,已完成,朱俊好,,,missing_rationale,939755,1677220,./guardian/images/0168/876.jpg,,,,无明显语义冲突/泛化配图,,D:\MY_PROJECT\OOC\datasets\NewsCLIPpings_repo\news_clippings\data\semantics_clip_text_text\train.json,outputs\ooc50_annotation_batch2_20260626\真实OOC人工标注第2批50条_中文.xlsx,batch2,
1105043,batch2,7,真实OOC,1,OOC,0.9,train,guardian,Exhilarating a scene from Choir Boy by Tarell Alvin McCraney,Jazz Chekhov and Shakespeare Kobna HoldbrookSmith as Herald Loomis in the Young Vic production of Joe Turner s Come and Gone,令人振奋：《唱诗班男孩》中的一幕，作者为塔雷尔·阿尔文·麦克雷尼。,爵士、契诃夫和莎士比亚：科布纳·霍德布鲁克-史密斯在Young Vic剧院版《乔·特纳归来》中饰演赫拉德·卢米斯。,different-event mismatch,完全不同事件,"[""entity"", ""event_type"", ""relation""]",done,已完成,朱俊好,,,missing_rationale,763455,1105043,./guardian/images/0574/373.jpg,,,,主体/人物错配,主体/人物,D:\MY_PROJECT\OOC\datasets\NewsCLIPpings_repo\news_clippings\data\semantics_clip_text_image\train.json,outputs\ooc50_annotation_batch2_20260626\真实OOC人工标注第2批50条_中文.xlsx,batch2,
669449,batch2,8,真实OOC,1,OOC,0.9,train,bbc,Emilia Clarke as Daenerys Targaryen in Game of Thrones,Sam TaylorJohnson Jamie Dornan Dakota Johnson and EL James,艾米莉亚·克拉克在《权力的游戏》中饰演丹妮莉丝·坦格利安。,萨姆·泰勒-约翰逊、杰米·多南、达科塔·约翰逊和E·L·詹姆斯。,entity mismatch,主体/人物错配,"[""entity""]",done,已完成,朱俊好,,,missing_rationale,1650454,669449,./bbc/images/0527/200.jpg,,,,无明显语义冲突/泛化配图,,D:\MY_PROJECT\OOC\datasets\NewsCLIPpings_repo\news_clippings\data\semantics_clip_text_text\train.json,outputs\ooc50_annotation_batch2_20260626\真实OOC人工标注第2批50条_中文.xlsx,batch2,
276446,batch2,9,真实OOC,1,OOC,0.9,train,washington_post,The wreck of Italy s Costa Concordia cruise ship begins to emerge from water on Sept 17 2013 near the harbour of Giglio Porto,Hyundai Merchant Marine Co s Hyundai Forward container ship approaches a terminal at Busan New Port in Busan South Korea on Sept 9,2013年9月17日，在吉廖港附近，意大利“歌诗达协和”号邮轮残骸开始浮出水面。,9月9日，韩国釜山新港，现代商船公司的“现代前进”号集装箱船驶近一个码头。,different-event mismatch,完全不同事件,"[""entity"", ""location"", ""time"", ""event_type"", ""relation""]",done,已完成,朱俊好,,,missing_rationale,39175,276446,./washington_post/images/0371/897.jpg,,,,完全不同事件,主体/人物，地点，时间,D:\MY_PROJECT\OOC\datasets\NewsCLIPpings_repo\news_clippings\data\semantics_clip_text_text\train.json,outputs\ooc50_annotation_batch2_20260626\真实OOC人工标注第2批50条_中文.xlsx,batch2,
474040,batch2,10,真实OOC,1,OOC,0.9,train,guardian,Japan s prime minister Shinzo Abe promised prompt comprehensive steps to clean up the wrecked Fukushima nuclear plant,John Kerry in Seoul The secretary of state tried to dampen anxiety around North Korea s nuclear capabilities,日本首相安倍晋三承诺采取迅速而全面的措施，清理受损的福岛核电站。,约翰·克里在首尔：这位国务卿试图缓解外界对朝鲜核能力的焦虑。,different-event mismatch,完全不同事件,"[""entity"", ""location"", ""event_type"", ""relation""]",done,已完成,朱俊好,,,missing_rationale,1067865,474040,./guardian/images/0694/937.jpg,,,,地点错配,主体/人物，地点,D:\MY_PROJECT\OOC\datasets\NewsCLIPpings_repo\news_clippings\data\semantics_clip_text_text\train.json,outputs\ooc50_annotation_batch2_20260626\真实OOC人工标注第2批50条_中文.xlsx,batch2,
1591544,batch2,11,真实OOC,1,OOC,0.9,train,bbc,A piece of metal was blown on to the railway track between Newcastle and Sunderland but has since been removed,West Wales as seen here in Aberystwyth is being battered by the Irish Sea,一块金属被风吹到纽卡斯尔和桑德兰之间的铁路轨道上，但目前已被移除。,图中所示的阿伯里斯特威斯所在的威尔士西部正遭受爱尔兰海风暴袭击。,different-event mismatch,完全不同事件,"[""entity"", ""location"", ""event_type"", ""relation""]",done,已完成,朱俊好,,,missing_rationale,1566672,1591544,./bbc/images/0268/827.jpg,,,,地点错配,主体/人物，地点,D:\MY_PROJECT\OOC\datasets\NewsCLIPpings_repo\news_clippings\data\scene_resnet_place\train.json,outputs\ooc50_annotation_batch2_20260626\真实OOC人工标注第2批50条_中文.xlsx,batch2,
1563368,batch2,12,真实OOC,1,OOC,0.9,train,bbc,Yorkshire and Humberside and the north of England are the cheapest regions for fuel,UK top three and bottom three areas average gross full time pay Cornwall was in the lowest 10 of 410 authorities,约克郡与亨伯地区以及英格兰北部是燃油最便宜的地区。,英国平均全职总薪资最高和最低的三个地区：康沃尔在410个地方政府中位列最低10%。,different-event mismatch,完全不同事件,"[""entity"", ""event_type"", ""relation""]",done,已完成,朱俊好,,,missing_rationale,1457228,1563368,./bbc/images/0020/197.jpg,,,,无明显语义冲突/泛化配图,,D:\MY_PROJECT\OOC\datasets\NewsCLIPpings_repo\news_clippings\data\semantics_clip_text_image\train.json,outputs\ooc50_annotation_batch2_20260626\真实OOC人工标注第2批50条_中文.xlsx,batch2,
933294,batch2,13,真实OOC,1,OOC,0.9,train,usa_today,A red headscarf is placed over bride Vlora Jonuzi s head during her wedding in the village of Nerodime Kosovo,Assyrian Christians from Iraq Syria and Lebanon attend a Christmas mass at Saint Georges church in an eastern Beirut suburb,在科索沃内罗迪梅村的一场婚礼上，一条红色头巾被戴到新娘弗洛拉·约努齐头上。,来自伊拉克、叙利亚和黎巴嫩的亚述基督徒在贝鲁特东郊圣乔治教堂参加圣诞弥撒。,different-event mismatch,完全不同事件,"[""entity"", ""location"", ""event_type"", ""relation""]",done,已完成,朱俊好,,,missing_rationale,249284,933294,./usa_today/images/0519/446.jpg,,,,无明显语义冲突/泛化配图,,D:\MY_PROJECT\OOC\datasets\NewsCLIPpings_repo\news_clippings\data\semantics_clip_text_text\train.json,outputs\ooc50_annotation_batch2_20260626\真实OOC人工标注第2批50条_中文.xlsx,batch2,
494960,batch2,14,真实OOC,1,OOC,0.9,train,guardian,Tiger Woods was in good spirits on Monday as he took to the driving range ahead of the Masters which starts on Thursday,Rory McIlroy in action during the proam event prior to the DP World Tour Championship at Jumeirah Golf Estates,星期一，老虎·伍兹心情不错，在周四开赛的大师赛前来到练习场热身。,罗里·麦克罗伊在朱美拉高尔夫庄园举行的DP世界巡回锦标赛前职业-业余配对赛中比赛。,different-event mismatch,完全不同事件,"[""entity"", ""location"", ""time"", ""event_type"", ""relation""]",done,已完成,朱俊好,,,missing_rationale,1136398,494960,./guardian/images/0749/655.jpg,,,,无明显语义冲突/泛化配图,,D:\MY_PROJECT\OOC\datasets\NewsCLIPpings_repo\news_clippings\data\semantics_clip_text_text\train.json,outputs\ooc50_annotation_batch2_20260626\真实OOC人工标注第2批50条_中文.xlsx,batch2,
775873,batch2,15,真实OOC,1,OOC,0.9,val,bbc,Sean Penn visits Isla de la Juventud in Havana,Mr Hernandez was given a hero s welcome by President Raul Castro upon his return,肖恩·潘访问哈瓦那的青年岛。,埃尔南德斯先生回国后受到劳尔·卡斯特罗总统英雄般的欢迎。,different-event mismatch,完全不同事件,"[""entity"", ""location"", ""event_type"", ""relation""]",done,已完成,朱俊好,,,missing_rationale,1616015,775873,./bbc/images/0333/184.jpg,,,,无明显语义冲突/泛化配图,,D:\MY_PROJECT\OOC\datasets\NewsCLIPpings_repo\news_clippings\data\semantics_clip_text_text\val.json,outputs\ooc50_annotation_batch2_20260626\真实OOC人工标注第2批50条_中文.xlsx,batch2,
332598,batch2,16,真实OOC,1,OOC,0.9,train,usa_today,Ohio State players celebrate on the podium after defeating Oregon at AT T Stadium,The Navy Midshipmen react during their Naval Academy alma mater after Navy beat the Army Black Knights 1713 at Lincoln Financial Field in Philadelphia,俄亥俄州立大学球员在AT&T体育场击败俄勒冈队后登上领奖台庆祝。,海军学院队在费城林肯金融球场以17比13击败陆军黑骑士队后，队员们在唱海军学院校歌时作出反应。,different-event mismatch,完全不同事件,"[""entity"", ""location"", ""time"", ""event_type"", ""relation""]",done,已完成,朱俊好,,,missing_rationale,307173,332598,./usa_today/images/0549/857.jpg,,,,地点错配,主体/人物，地点,D:\MY_PROJECT\OOC\datasets\NewsCLIPpings_repo\news_clippings\data\scene_resnet_place\train.json,outputs\ooc50_annotation_batch2_20260626\真实OOC人工标注第2批50条_中文.xlsx,batch2,
1566522,batch2,17,真实OOC,1,OOC,0.9,train,bbc,The death of Keanu Williams in 2011 was one of a number of highprofile cases in Birmingham,Westley Odger died in Colchester on 12 September 2005 after being stabbed in the neck,基努·威廉姆斯2011年的死亡是伯明翰多起备受关注案件之一。,韦斯特利·奥杰于2005年9月12日在科尔切斯特被刺中颈部后死亡。,different-event mismatch,完全不同事件,"[""entity"", ""time"", ""event_type"", ""relation""]",done,已完成,朱俊好,,,missing_rationale,1504488,1566522,./bbc/images/0117/436.jpg,,,,完全不同事件,主体/人物，地点，时间,D:\MY_PROJECT\OOC\datasets\NewsCLIPpings_repo\news_clippings\data\semantics_clip_text_text\train.json,outputs\ooc50_annotation_batch2_20260626\真实OOC人工标注第2批50条_中文.xlsx,batch2,
486427,batch2,18,真实OOC,1,OOC,0.9,train,guardian,A pink Samsung ES55 possibly for a daughter,Jilly s periodic table Victoria sponge was made with all the usual elements salt and sugar and has a strawberry cream filling,一台粉色三星ES55相机，可能是给女儿的。,吉莉制作的“元素周期表”维多利亚海绵蛋糕使用了盐和糖等常见元素，并夹有草莓奶油馅。,different-event mismatch,完全不同事件,"[""entity"", ""event_type"", ""relation""]",done,已完成,朱俊好,,,missing_rationale,955583,486427,./guardian/images/0154/203.jpg,,,,主体/人物错配,主体/人物,D:\MY_PROJECT\OOC\datasets\NewsCLIPpings_repo\news_clippings\data\semantics_clip_text_text\train.json,outputs\ooc50_annotation_batch2_20260626\真实OOC人工标注第2批50条_中文.xlsx,batch2,
90833,batch2,19,真实OOC,1,OOC,0.9,train,washington_post,People react to bin Laden s death outside the White House,Demonstrators stage a sitin at the Capitol in Washington on April 11 2016,人们在白宫外对本·拉登之死作出反应。,2016年4月11日，示威者在华盛顿国会大厦举行静坐抗议。,different-event mismatch,完全不同事件,"[""entity"", ""location"", ""time"", ""event_type"", ""relation""]",done,已完成,朱俊好,,,missing_rationale,195848,90833,./washington_post/images/0308/922.jpg,,,,地点错配,主体/人物，地点,D:\MY_PROJECT\OOC\datasets\NewsCLIPpings_repo\news_clippings\data\semantics_clip_text_image\train.json,outputs\ooc50_annotation_batch2_20260626\真实OOC人工标注第2批50条_中文.xlsx,batch2,
625534,batch2,20,真实OOC,1,OOC,0.9,train,usa_today,Chelsea fans on their way to Stamford Bridge on Saturday where many mingled with visiting Burnley supporters,Beckham and his sons celebrate the Galaxy s second consecutive MLS Cup,切尔西球迷星期六前往斯坦福桥，许多人在那里与来访的伯恩利球迷混在一起。,贝克汉姆和他的儿子们庆祝洛杉矶银河队连续第二次夺得MLS杯。,different-event mismatch,完全不同事件,"[""entity"", ""location"", ""event_type"", ""relation""]",done,已完成,朱俊好,,,missing_rationale,354298,625534,./usa_today/images/0618/009.jpg,,,,主体/人物错配,主体/人物,D:\MY_PROJECT\OOC\datasets\NewsCLIPpings_repo\news_clippings\data\semantics_clip_text_text\train.json,outputs\ooc50_annotation_batch2_20260626\真实OOC人工标注第2批50条_中文.xlsx,batch2,
408354,batch2,21,真实OOC,1,OOC,0.9,train,usa_today,Aldo Buono of Philadelphia secretary of the 76member DeLorean club poses near his 1981 DeLorean in Philadelphia in this undated photo,Company head Henry Ford II with the 1964 12 Mustang Ford at the cars unveiling at the New York World s Fair in Flushing Meadows NY on April 17 1964,费城的阿尔多·布奥诺是拥有76名成员的德罗宁俱乐部秘书，在这张未注明日期的照片中，他在费城一辆1981年德罗宁旁摆姿势。,1964年4月17日，纽约法拉盛草地世界博览会上，公司负责人亨利·福特二世与1964年款1/2福特野马在新车发布现场。,different-event mismatch,完全不同事件,"[""entity"", ""location"", ""time"", ""event_type"", ""relation""]",done,已完成,朱俊好,,,missing_rationale,363268,408354,./usa_today/images/0675/546.jpg,,,,完全不同事件,主体/人物，地点，时间,D:\MY_PROJECT\OOC\datasets\NewsCLIPpings_repo\news_clippings\data\merged_balanced\train.json,outputs\ooc50_annotation_batch2_20260626\真实OOC人工标注第2批50条_中文.xlsx,batch2,
541620,batch2,22,真实OOC,1,OOC,0.9,train,usa_today,A Palestinian boy makes his way through the rubble of the destroyed and deserted terminal of Gaza s former international airport in Rafah in a photograph by Thomas Coex,A Syrian boy rides a bicycle past a destroyed building in the rebelheld city of Daraa in southwestern Syria on Sept 27 2016,托马斯·科克斯拍摄的一张照片中，一名巴勒斯坦男孩穿过加沙原国际机场在拉法被毁并废弃的航站楼废墟。,2016年9月27日，叙利亚西南部反政府武装控制的德拉市，一名叙利亚男孩骑自行车经过一栋被毁建筑。,different-event mismatch,完全不同事件,"[""entity"", ""location"", ""event_type""]",done,已完成,朱俊好,,,missing_rationale,329958,541620,./usa_today/images/0613/247.jpg,,,,地点错配,主体/人物，地点,D:\MY_PROJECT\OOC\datasets\NewsCLIPpings_repo\news_clippings\data\semantics_clip_text_image\train.json,outputs\ooc50_annotation_batch2_20260626\真实OOC人工标注第2批50条_中文.xlsx,batch2,
189172,batch2,23,真实OOC,1,OOC,0.9,train,bbc,Tensions between India and Pakistan escalate,The polls are being seen as a straight contest between the governing coalition led by the Congress party and the opposition Bharatiya Janata Party,印度和巴基斯坦之间的紧张局势升级。,这次民调被视为由国大党领导的执政联盟与反对党印度人民党之间的直接较量。,different-event mismatch,完全不同事件,"[""entity"", ""event_type"", ""relation""]",done,已完成,朱俊好,,,missing_rationale,1583553,189172,./bbc/images/0374/367.jpg,,,,主体/人物错配,主体/人物，地点,D:\MY_PROJECT\OOC\datasets\NewsCLIPpings_repo\news_clippings\data\scene_resnet_place\train.json,outputs\ooc50_annotation_batch2_20260626\真实OOC人工标注第2批50条_中文.xlsx,batch2,
911452,batch2,24,真实OOC,1,OOC,0.9,train,guardian,Leroy Fer clinches a crucial away win for Norwich after scoring his side s second goal at the Hawthorns,Francisca Ordega scores Nigeria s third past Sweden s goalkeeper Hedvig Lindahl,勒罗伊·费尔在山楂球场打进本队第二球，帮助诺维奇取得关键客场胜利。,弗朗西斯卡·奥尔德加攻破瑞典门将赫德维格·林达尔把守的球门，为尼日利亚打进第三球。,different-event mismatch,完全不同事件,"[""entity"", ""location"", ""time""]",done,已完成,朱俊好,,,missing_rationale,909176,911452,./guardian/images/0123/670.jpg,,,,无明显语义冲突/泛化配图,,D:\MY_PROJECT\OOC\datasets\NewsCLIPpings_repo\news_clippings\data\semantics_clip_text_text\train.json,outputs\ooc50_annotation_batch2_20260626\真实OOC人工标注第2批50条_中文.xlsx,batch2,
385634,batch2,25,真实OOC,1,OOC,0.9,train,usa_today,Another extracharge specialty restaurant on Norwegian Gem is Le Bistro which serves French cuisine,The Royal Princess also features one of Princess signature Crown Grill steak and seafood restaurants The extracharge eatery boasts an open theaterstyle kitchen,“挪威宝石号”上另一家额外收费特色餐厅是供应法国菜的Le Bistro。,“皇家公主号”也设有公主邮轮标志性的Crown Grill牛排和海鲜餐厅之一。这家额外收费餐厅拥有开放式剧场厨房。,different-event mismatch,完全不同事件,"[""entity"", ""location"", ""event_type"", ""relation""]",done,已完成,朱俊好,,,missing_rationale,263721,385634,./usa_today/images/0276/164.jpg,,,,地点错配,主体/人物，地点,D:\MY_PROJECT\OOC\datasets\NewsCLIPpings_repo\news_clippings\data\scene_resnet_place\train.json,outputs\ooc50_annotation_batch2_20260626\真实OOC人工标注第2批50条_中文.xlsx,batch2,
324333,batch2,26,真实OOC,1,OOC,0.9,train,usa_today,Emily Strayer Natalie Maines and Martie Maguire of the Dixie Chicks perform June 1 2016 in Cincinnati,Maisy Stella left and Connie Britton star in ABC s Nashville,迪克西小鸡组合的艾米莉·斯特雷耶、娜塔莉·梅因斯和玛蒂·马奎尔于2016年6月1日在辛辛那提演出。,梅茜·斯特拉（左）和康妮·布里顿主演ABC电视剧《音乐之乡》。,different-event mismatch,完全不同事件,"[""entity"", ""event_type"", ""relation""]",done,已完成,朱俊好,,,missing_rationale,321740,324333,./usa_today/images/0215/197.jpg,,,,主体/人物错配,主体/人物,D:\MY_PROJECT\OOC\datasets\NewsCLIPpings_repo\news_clippings\data\semantics_clip_text_text\train.json,outputs\ooc50_annotation_batch2_20260626\真实OOC人工标注第2批50条_中文.xlsx,batch2,
1524576,batch2,27,真实OOC,1,OOC,0.9,val,guardian,Activists in Berlin performed a marriage of the French and German leaders,A newly married couple at Aut Bar in Ann Arbor Michigan,柏林的活动人士上演了法国和德国领导人之间的“婚礼”。,一对新婚夫妇在密歇根州安娜堡的Aut Bar。,different-event mismatch,完全不同事件,"[""entity"", ""location"", ""event_type"", ""relation""]",done,已完成,朱俊好,,,missing_rationale,830248,1524576,./guardian/images/0447/505.jpg,,,,地点错配,主体/人物，地点,D:\MY_PROJECT\OOC\datasets\NewsCLIPpings_repo\news_clippings\data\scene_resnet_place\val.json,outputs\ooc50_annotation_batch2_20260626\真实OOC人工标注第2批50条_中文.xlsx,batch2,
173192,batch2,28,真实OOC,1,OOC,0.9,train,guardian,Former Massachusetts Gov Mitt Romney in Beckley WVa,Mitt Romney greets coal miners at the American Energy Corporation in Beallsville Ohio US students are campaigning to have colleges drop fossil fuel investments,前马萨诸塞州州长米特·罗姆尼在西弗吉尼亚州贝克利。,米特·罗姆尼在俄亥俄州比尔斯维尔的美国能源公司向煤矿工人致意。美国学生正发起运动，要求高校撤出化石燃料投资。,different-event mismatch,完全不同事件,"[""entity"", ""event_type"", ""relation""]",done,已完成,朱俊好,,,missing_rationale,510436,173192,./guardian/images/0216/939.jpg,,,,地点错配,地点,D:\MY_PROJECT\OOC\datasets\NewsCLIPpings_repo\news_clippings\data\merged_balanced\train.json,outputs\ooc50_annotation_batch2_20260626\真实OOC人工标注第2批50条_中文.xlsx,batch2,
415582,batch2,29,真实OOC,1,OOC,0.9,val,usa_today,Diane Guerrero costars in Orange Is the New Black on Netflix,Gemma Chan as Anita on the AMC television series Humans,黛安·格雷罗在Netflix剧集《女子监狱》中联合主演。,嘉玛·陈在AMC电视剧《真实的人类》中饰演安妮塔。,different-event mismatch,完全不同事件,"[""entity"", ""event_type""]",done,已完成,朱俊好,,,missing_rationale,248634,415582,./usa_today/images/0340/651.jpg,,,,主体/人物错配,主体/人物,D:\MY_PROJECT\OOC\datasets\NewsCLIPpings_repo\news_clippings\data\semantics_clip_text_text\val.json,outputs\ooc50_annotation_batch2_20260626\真实OOC人工标注第2批50条_中文.xlsx,batch2,
1476224,batch2,30,真实OOC,1,OOC,0.9,train,guardian,The view out of Comb Gully where Christopher Sleight was climbing when he and others heard screaming,Clifton Hill parklands alongside Merri Creek near Melbourne Australia,克里斯托弗·斯莱特攀爬时所在的Comb Gully外景；当时他和其他人听到了尖叫声。,澳大利亚墨尔本附近梅里溪旁的克利夫顿山公园绿地。,different-event mismatch,完全不同事件,"[""entity"", ""location"", ""event_type"", ""relation""]",done,已完成,朱俊好,,,missing_rationale,731780,1476224,./guardian/images/0547/720.jpg,,,,主体/人物错配,主体/人物,D:\MY_PROJECT\OOC\datasets\NewsCLIPpings_repo\news_clippings\data\semantics_clip_text_text\train.json,outputs\ooc50_annotation_batch2_20260626\真实OOC人工标注第2批50条_中文.xlsx,batch2,
288371,batch2,31,真实OOC,1,OOC,0.9,test,guardian,Donald Trump and Ted Cruz take part in the GOP debate on March 10 2016 in Coral Gables Fla,Marco Rubio campaigns in Columbia South Carolina on Saturday,2016年3月10日，唐纳德·特朗普和泰德·克鲁兹在佛罗里达州科勒尔盖布尔斯参加共和党辩论。,马可·鲁比奥星期六在南卡罗来纳州哥伦比亚参加竞选活动。,different-event mismatch,完全不同事件,"[""entity"", ""location"", ""time"", ""event_type"", ""relation""]",done,已完成,朱俊好,,,missing_rationale,662650,288371,./guardian/images/0367/787.jpg,,,,主体/人物错配,主体/人物，时间,D:\MY_PROJECT\OOC\datasets\NewsCLIPpings_repo\news_clippings\data\semantics_clip_text_text\test.json,outputs\ooc50_annotation_batch2_20260626\真实OOC人工标注第2批50条_中文.xlsx,batch2,
1460507,batch2,32,真实OOC,1,OOC,0.9,train,usa_today,Clinton laughed as he dismissed Rove s comments about his wife s health,Vice President Biden and Wisconsin Rep Paul Ryan debate in Kentucky on Thursday,克林顿笑着驳斥了罗夫关于他妻子健康状况的评论。,副总统拜登和威斯康星州众议员保罗·瑞安星期四在肯塔基州进行辩论。,different-event mismatch,完全不同事件,"[""entity"", ""event_type"", ""relation""]",done,已完成,朱俊好,,,missing_rationale,308480,1460507,./usa_today/images/0045/751.jpg,,,,主体/人物错配,主体/人物,D:\MY_PROJECT\OOC\datasets\NewsCLIPpings_repo\news_clippings\data\merged_balanced\train.json,outputs\ooc50_annotation_batch2_20260626\真实OOC人工标注第2批50条_中文.xlsx,batch2,
187736,batch2,33,真实OOC,1,OOC,0.9,train,washington_post,Virginia Tech professor Marc Edwards shows the difference in water quality between Detroit and Flint during a news conference outside of Flint s City Hall,Theoretical physicist Ronald Mallett pours dry ice into a ring laser in this arranged photograph taken in a University of Connecticut laboratory March 23,弗吉尼亚理工大学教授马克·爱德华兹在弗林特市政厅外的新闻发布会上展示底特律和弗林特之间水质差异。,理论物理学家罗纳德·马利特在这张摆拍照片中向环形激光器倒入干冰，照片摄于3月23日康涅狄格大学实验室。,different-event mismatch,完全不同事件,"[""entity"", ""location"", ""time"", ""event_type"", ""relation""]",done,已完成,朱俊好,,,missing_rationale,113504,187736,./washington_post/images/0060/570.jpg,,,,完全不同事件,主体/人物，地点，事件类型,D:\MY_PROJECT\OOC\datasets\NewsCLIPpings_repo\news_clippings\data\semantics_clip_text_image\train.json,outputs\ooc50_annotation_batch2_20260626\真实OOC人工标注第2批50条_中文.xlsx,batch2,
1086817,batch2,34,真实OOC,1,OOC,0.9,train,washington_post,Amazon quietly abandoned its practice of pooling European sales in Luxembourg last month and opened taxable branches in its main European markets including the UK,With roofs that look like two unfurled sails the Astrup Fearnley Museum of Modern Art in Oslo is hard to miss,亚马逊上个月悄然放弃了将欧洲销售额集中到卢森堡的做法，并在包括英国在内的主要欧洲市场开设应税分支机构。,奥斯陆阿斯楚普·费恩利现代艺术博物馆的屋顶像两张展开的帆，很难错过。,different-event mismatch,完全不同事件,"[""entity"", ""location"", ""event_type"", ""relation""]",done,已完成,朱俊好,,,missing_rationale,129391,1086817,./washington_post/images/0418/906.jpg,,,,完全不同事件,主体/人物，地点，事件类型,D:\MY_PROJECT\OOC\datasets\NewsCLIPpings_repo\news_clippings\data\merged_balanced\train.json,outputs\ooc50_annotation_batch2_20260626\真实OOC人工标注第2批50条_中文.xlsx,batch2,
382082,batch2,35,真实OOC,1,OOC,0.9,train,usa_today,Cohosts Kristin Chenoweth and Alan Cumming open the 69th annual Tony Awards at Radio City Music Hall in New York on June 7 2015,Sam Hunt and Carrie Underwood perform during the 58th Grammy Awards at the Staples Center,2015年6月7日，共同主持人克里斯汀·切诺维斯和艾伦·卡明在纽约无线电城音乐厅为第69届托尼奖开场。,萨姆·亨特和凯莉·安德伍德在斯台普斯中心举行的第58届格莱美奖上表演。,different-event mismatch,完全不同事件,"[""entity"", ""location"", ""time"", ""event_type"", ""relation""]",done,已完成,朱俊好,,,missing_rationale,221137,382082,./usa_today/images/0707/326.jpg,,,,地点错配,主体/人物，地点,D:\MY_PROJECT\OOC\datasets\NewsCLIPpings_repo\news_clippings\data\semantics_clip_text_text\train.json,outputs\ooc50_annotation_batch2_20260626\真实OOC人工标注第2批50条_中文.xlsx,batch2,
62714,batch2,36,真实OOC,1,OOC,0.9,train,usa_today,Members of the North Charleston Police department stand for the Pledge of Allegiance before a City Council meeting in North Charleston SC,Dallas Police officers salute the flag draped casket holding slain Dallas police officer Michael Krol,南卡罗来纳州北查尔斯顿市议会会议前，北查尔斯顿警察局成员起立宣誓效忠国旗。,达拉斯警察向覆盖国旗、装有遇害达拉斯警官迈克尔·克罗尔遗体的灵柩敬礼。,different-event mismatch,完全不同事件,"[""entity"", ""location"", ""event_type"", ""relation""]",done,已完成,朱俊好,,,missing_rationale,313957,62714,./usa_today/images/0386/107.jpg,,,,主体/人物错配,主体/人物,D:\MY_PROJECT\OOC\datasets\NewsCLIPpings_repo\news_clippings\data\semantics_clip_text_text\train.json,outputs\ooc50_annotation_batch2_20260626\真实OOC人工标注第2批50条_中文.xlsx,batch2,
247704,batch2,37,真实OOC,1,OOC,0.9,train,usa_today,Nov 20 2014 Bulls guard Kirk Hinrich reacts after being fouled by Sacramento Kings center Ryan Hollins with Sacramento Kings forward Derrick Williams right,Lin tries to drive around Lakers center Dwight Howard during their Nov 18 game,2014年11月20日，公牛队后卫柯克·辛里奇在被国王队中锋瑞安·霍林斯犯规后作出反应，右侧是国王队前锋德里克·威廉姆斯。,林书豪在11月18日的比赛中试图绕过湖人队中锋德怀特·霍华德。,different-event mismatch,完全不同事件,"[""entity"", ""location"", ""time"", ""event_type"", ""relation""]",done,已完成,朱俊好,,,missing_rationale,315239,247704,./usa_today/images/0596/808.jpg,,,,完全不同事件,主体/人物，时间，事件类型,D:\MY_PROJECT\OOC\datasets\NewsCLIPpings_repo\news_clippings\data\semantics_clip_text_text\train.json,outputs\ooc50_annotation_batch2_20260626\真实OOC人工标注第2批50条_中文.xlsx,batch2,
829219,batch2,38,真实OOC,1,OOC,0.9,train,bbc,There will be calls for the scalp of John Fingleton head of the Office of Fair Trading But the OFT is hampered by a business culture controlled by lawyers,Edwin Poots said the DUP held their noses and did business with Sinn Fein,人们会要求公平交易办公室负责人约翰·芬格尔顿下台。但公平交易办公室受到由律师控制的商业文化制约。,埃德温·普茨表示，民主统一党是“捏着鼻子”和新芬党做生意。,different-event mismatch,完全不同事件,"[""entity"", ""event_type"", ""relation""]",done,已完成,朱俊好,,,missing_rationale,1499216,829219,./bbc/images/0015/326.jpg,,,,无明显语义冲突/泛化配图,,D:\MY_PROJECT\OOC\datasets\NewsCLIPpings_repo\news_clippings\data\semantics_clip_text_image\train.json,outputs\ooc50_annotation_batch2_20260626\真实OOC人工标注第2批50条_中文.xlsx,batch2,
422832,batch2,39,真实OOC,1,OOC,0.9,train,guardian,Kristin Armstrong of the United States won her third consecutive gold in the women s time trial,Emma Snowsill with her Olympics gold medal,美国选手克里斯汀·阿姆斯特朗在女子计时赛中连续第三次夺得金牌。,艾玛·斯诺西尔与她的奥运金牌。,entity mismatch,主体/人物错配,"[""entity""]",done,已完成,朱俊好,,,missing_rationale,972171,422832,./guardian/images/0177/135.jpg,,,,完全不同事件,主体/人物，事件类型,D:\MY_PROJECT\OOC\datasets\NewsCLIPpings_repo\news_clippings\data\semantics_clip_text_image\train.json,outputs\ooc50_annotation_batch2_20260626\真实OOC人工标注第2批50条_中文.xlsx,batch2,
1283127,batch2,40,真实OOC,1,OOC,0.9,train,usa_today,A female Kurdistan Workers Party fighter at a security position in Sinjar 13 March 2015,A US Army trainer left instructs an Iraqi Army recruit at a military base on April 12 2015 in Taji Iraq,2015年3月13日，辛贾尔一处安全岗位上的一名库尔德工人党女战士。,2015年4月12日，在伊拉克塔吉的一处军事基地，一名美国陆军教官（左）指导一名伊拉克陆军新兵。,different-event mismatch,完全不同事件,"[""entity"", ""location"", ""time"", ""event_type"", ""relation""]",done,已完成,朱俊好,,,missing_rationale,273416,1283127,./usa_today/images/0327/883.jpg,,,,完全不同事件,主体/人物，时间，事件类型,D:\MY_PROJECT\OOC\datasets\NewsCLIPpings_repo\news_clippings\data\semantics_clip_text_text\train.json,outputs\ooc50_annotation_batch2_20260626\真实OOC人工标注第2批50条_中文.xlsx,batch2,
787319,batch2,41,真实OOC,1,OOC,0.9,val,guardian,Simon Harris received a sentence of 17 years four months for abusing vulnerable Kenyan boys,Anders Kompass was suspended by the UN for passing documents to the French authorities after becoming frustrated at the UN s lack of action in investigating abuse by peacekeepers,西蒙·哈里斯因虐待脆弱的肯尼亚男孩被判17年4个月监禁。,安德斯·孔帕斯因在联合国迟迟不调查维和人员性侵问题而感到沮丧，将文件交给法国当局，随后被联合国停职。,different-event mismatch,完全不同事件,"[""entity"", ""location"", ""event_type"", ""relation""]",done,已完成,朱俊好,,,missing_rationale,594454,787319,./guardian/images/0319/338.jpg,,,,主体/人物错配,主体/人物,D:\MY_PROJECT\OOC\datasets\NewsCLIPpings_repo\news_clippings\data\semantics_clip_text_text\val.json,outputs\ooc50_annotation_batch2_20260626\真实OOC人工标注第2批50条_中文.xlsx,batch2,
460039,batch2,42,真实OOC,1,OOC,0.9,train,bbc,Nicola Sturgeon and Alex Salmond at the SNP annual conference,Preparing the next stage Nicky Morgan and David Cameron on the campaign trail,尼古拉·斯特金和亚历克斯·萨尔蒙德在苏格兰民族党年度大会上。,准备下一阶段：尼基·摩根和戴维·卡梅伦在竞选路上。,different-event mismatch,完全不同事件,"[""entity"", ""time"", ""event_type"", ""relation""]",done,已完成,朱俊好,,,missing_rationale,1503587,460039,./bbc/images/0016/548.jpg,,,,主体/人物错配,主体/人物,D:\MY_PROJECT\OOC\datasets\NewsCLIPpings_repo\news_clippings\data\semantics_clip_text_text\train.json,outputs\ooc50_annotation_batch2_20260626\真实OOC人工标注第2批50条_中文.xlsx,batch2,
553273,batch2,43,真实OOC,1,OOC,0.9,train,guardian,The view from Philip Glass s New York apartment by Matteo Pericoli,View of Detroit from a window on Woodward Avenue,马泰奥·佩里科利笔下菲利普·格拉斯纽约公寓外的景色。,从伍德沃德大道一扇窗户看到的底特律景色。,location mismatch,地点错配,"[""entity"", ""location""]",done,已完成,朱俊好,,,missing_rationale,1162279,553273,./guardian/images/0781/263.jpg,,,,地点错配,地点,D:\MY_PROJECT\OOC\datasets\NewsCLIPpings_repo\news_clippings\data\semantics_clip_text_text\train.json,outputs\ooc50_annotation_batch2_20260626\真实OOC人工标注第2批50条_中文.xlsx,batch2,
1269977,batch2,44,真实OOC,1,OOC,0.9,test,guardian,A box set of Danish drama The Killing can retail for more on eBay than it costs new,The Swedish family drama Thicker than Water has garnered strong reviews,丹麦剧集《谋杀》的套装盒在eBay上的零售价可能比新品价格还高。,瑞典家庭剧《比水更浓》获得了很高评价。,different-event mismatch,完全不同事件,"[""entity"", ""event_type""]",done,已完成,朱俊好,,,missing_rationale,1065771,1269977,./guardian/images/0675/739.jpg,,,,主体/人物错配,主体/人物，地点,D:\MY_PROJECT\OOC\datasets\NewsCLIPpings_repo\news_clippings\data\semantics_clip_text_text\test.json,outputs\ooc50_annotation_batch2_20260626\真实OOC人工标注第2批50条_中文.xlsx,batch2,
839375,batch2,45,真实OOC,1,OOC,0.9,train,guardian,Chloe Holmes with son Jenson,Esther Hollingworth with her son Alfred is a regular Waitrose shoppers She tries in Lidl at Clapham Junction,克洛伊·霍姆斯和儿子詹森。,埃丝特·霍林沃思和儿子阿尔弗雷德是Waitrose的常客。她也会去克拉珀姆交汇处的Lidl尝试购物。,different-event mismatch,完全不同事件,"[""entity"", ""location"", ""event_type""]",done,已完成,朱俊好,,,missing_rationale,1226853,839375,./guardian/images/0045/543.jpg,,,,主体/人物错配,主体/人物,D:\MY_PROJECT\OOC\datasets\NewsCLIPpings_repo\news_clippings\data\semantics_clip_text_text\train.json,outputs\ooc50_annotation_batch2_20260626\真实OOC人工标注第2批50条_中文.xlsx,batch2,
1254321,batch2,46,真实OOC,1,OOC,0.9,train,bbc,David Cameron attends an EU summit in Brussels,The foreign ministers of France Ukraine Germany and Russia met in Berlin to try to calm the crisis,戴维·卡梅伦出席在布鲁塞尔举行的欧盟峰会。,法国、乌克兰、德国和俄罗斯外长在柏林会面，试图缓和危机。,different-event mismatch,完全不同事件,"[""entity"", ""location"", ""time"", ""event_type"", ""relation""]",done,已完成,朱俊好,,,missing_rationale,1598211,1254321,./bbc/images/0395/171.jpg,,,,地点错配,地点,D:\MY_PROJECT\OOC\datasets\NewsCLIPpings_repo\news_clippings\data\semantics_clip_text_text\train.json,outputs\ooc50_annotation_batch2_20260626\真实OOC人工标注第2批50条_中文.xlsx,batch2,
707444,batch2,47,真实OOC,1,OOC,0.9,train,guardian,George Osborne had in June 2010 set out plans to eliminate budget deficit by March 20106 Photograph Facundo ArrizabalagaEPA,The chancellor announced a permanent pothole fund for Britain in today s spending review which outlined budget allocations for Whitehall departments,乔治·奥斯本曾在2010年6月提出计划，要到2016年3月消除预算赤字。摄影：Facundo Arrizabalaga/EPA。,在今天的支出审查中，财政大臣宣布为英国设立永久性坑洞维修基金，并概述了白厅各部门的预算分配。,different-event mismatch,完全不同事件,"[""entity"", ""event_type"", ""relation""]",done,已完成,朱俊好,,,missing_rationale,1096287,707444,./guardian/images/0720/839.jpg,,,,完全不同事件,主体/人物，事件类型,D:\MY_PROJECT\OOC\datasets\NewsCLIPpings_repo\news_clippings\data\semantics_clip_text_text\train.json,outputs\ooc50_annotation_batch2_20260626\真实OOC人工标注第2批50条_中文.xlsx,batch2,
1468116,batch2,48,真实OOC,1,OOC,0.9,train,guardian,Britain Can Make It Michael Wickham 1946,Jubilee flags in Covent Garden London,《英国能制造》，迈克尔·威克姆，1946年。,伦敦科文特花园的银禧旗帜。,different-event mismatch,完全不同事件,"[""entity"", ""event_type"", ""relation""]",done,已完成,朱俊好,,,missing_rationale,777348,1468116,./guardian/images/0578/007.jpg,,,,地点错配,地点,D:\MY_PROJECT\OOC\datasets\NewsCLIPpings_repo\news_clippings\data\semantics_clip_text_image\train.json,outputs\ooc50_annotation_batch2_20260626\真实OOC人工标注第2批50条_中文.xlsx,batch2,
902450,batch2,49,真实OOC,1,OOC,0.9,test,usa_today,Skiiers at Villars ski resort in Switzerland one of three resorts in the Alps with the Flocon Vert label,Skiers on the Canyons side of the new Park City ski resort skiing a groomed run beneath the nation s first heated covered chairlift the Orange Bubble,瑞士Villars滑雪度假村的滑雪者；这是阿尔卑斯山三个拥有Flocon Vert标签的度假村之一。,新帕克城滑雪度假村Canyons一侧的滑雪者，在美国首个带加热封闭座椅的Orange Bubble缆车下方的压雪道上滑行。,different-event mismatch,完全不同事件,"[""entity"", ""location"", ""event_type""]",done,已完成,朱俊好,,,missing_rationale,256900,902450,./usa_today/images/0568/644.jpg,,,,地点错配,主体/人物，地点,D:\MY_PROJECT\OOC\datasets\NewsCLIPpings_repo\news_clippings\data\semantics_clip_text_text\test.json,outputs\ooc50_annotation_batch2_20260626\真实OOC人工标注第2批50条_中文.xlsx,batch2,
1593171,batch2,50,真实OOC,1,OOC,0.9,train,guardian,The eurozone s other members Germany in particular fear Greece will need an even larger bailout the second time,Alexis Tsipras is welcomed by the European commission president JeanClaude Juncker in Brussels on Monday,欧元区其他成员国，尤其是德国，担心希腊第二次将需要更大规模的救助。,星期一，希腊总理亚历克西斯·齐普拉斯在布鲁塞尔受到欧盟委员会主席让-克洛德·容克欢迎。,different-event mismatch,完全不同事件,"[""entity"", ""event_type"", ""relation""]",done,已完成,朱俊好,,,missing_rationale,1264080,1593171,./guardian/images/0094/012.jpg,,,,地点错配,地点,D:\MY_PROJECT\OOC\datasets\NewsCLIPpings_repo\news_clippings\data\semantics_clip_text_image\train.json,outputs\ooc50_annotation_batch2_20260626\真实OOC人工标注第2批50条_中文.xlsx,batch2,
